"url","desc","time_string","hour","min","sec","time","type","total_time_in_secs","outfit","last_update"
"https://www.guinnessworldrecords.com/world-records/458100-fastest-marathon-dressed-as-a-fisherman","Fastest marathon dressed as a fisher","4 hr 37 min 31 sec",4,37,31,"4:37:31","full",16651,"fisher",2020-09-06
"https://www.guinnessworldrecords.com/world-records/fastest-marathon-dressed-as-a-jester","Fastest marathon dressed as a jester","2 hr 59 min 54 sec",2,59,54,"2:59:54","full",10794,"jester",2020-09-06
"https://www.guinnessworldrecords.com/world-records/fastest-marathon-dressed-as-a-viking","Fastest marathon dressed as a Viking","3 hrs 3 min 11 sec",3,3,11,"3:03:11","full",10991,"Viking",2020-09-06
"https://www.guinnessworldrecords.com/world-records/fastest-marathon-dressed-as-a-lifeguard","Fastest marathon dressed as a lifeguard","2 hr 55 min 54 sec",2,55,54,"2:55:54","full",10554,"lifeguard",2020-09-06
"https://www.guinnessworldrecords.com/world-records/fastest-marathon-dressed-as-a-clown","Fastest marathon dressed as a clown","2 hr 42 min 56 sec",2,42,56,"2:42:56","full",9776,"clown",2020-09-06
"https://www.guinnessworldrecords.com/world-records/fastest-marathon-dressed-as-a-boxer","Fastest marathon dressed as a boxer","3 hr 2 min 19 sec",3,2,19,"3:02:19","full",10939,"boxer",2020-09-06
"https://www.guinnessworldrecords.com/world-records/fastest-marathon-dressed-as-a-jockey","Fastest marathon dressed as a jockey","3 hr 7 min 55 sec",3,7,55,"3:07:55","full",11275,"jockey",2020-09-06
"https://www.guinnessworldrecords.com/world-records/fastest-marathon-dressed-as-a-sailor","Fastest marathon dressed as a sailor","2 hr 52 min 32 sec",2,52,32,"2:52:32","full",10352,"sailor",2020-09-06
"https://www.guinnessworldrecords.com/world-records/fastest-marathon-dressed-as-a-cowboy","Fastest marathon dressed as a rancher","2 hr 42 min 14 sec",2,42,14,"2:42:14","full",9734,"rancher",2020-09-06
"https://www.guinnessworldrecords.com/world-records/92823-fastest-marathon-run-dressed-as-a-snowman","Fastest marathon dressed as a snowperson (male)","3 hr 46 min 12 sec",3,46,12,"3:46:12","full",13572,"snowperson (male)",2020-09-06
"https://www.guinnessworldrecords.com/world-records/474502-fastest-marathon-dressed-as-a-lumberjack-male","Fastest marathon dressed as a lumberjack (male)","3 hr 58 min 26 sec",3,58,26,"3:58:26","full",14306,"lumberjack (male)",2020-09-06
"https://www.guinnessworldrecords.com/world-records/fastest-marathon-dressed-as-a-fairy","Fastest marathon dressed as a fairy (male)","2 hr 49 min 44 sec",2,49,44,"2:49:44","full",10184,"fairy (male)",2020-09-06
"https://www.guinnessworldrecords.com/world-records/fastest-marathon-dressed-as-a-golfer-(male)","Fastest marathon dressed as a golfer (male)","2 hr 59 min 35 sec",2,59,35,"2:59:35","full",10775,"golfer (male)",2020-09-06
"https://www.guinnessworldrecords.com/world-records/fastest-marathon-dressed-as-a-doctor-(male)","Fastest marathon dressed as a doctor (male)","2 hr 50 min 17 sec",2,50,17,"2:50:17","full",10217,"doctor (male)",2020-09-06
"https://www.guinnessworldrecords.com/world-records/108364-fastest-marathon-dressed-as-a-chef","Fastest marathon dressed as a chef (male)","2 hr 57 min 36 sec",2,57,36,"2:57:36","full",10656,"chef (male)",2020-09-06
"https://www.guinnessworldrecords.com/world-records/443571-fastest-marathon-dressed-in-pyjamas-male","Fastest marathon dressed in pyjamas (male)","3 hr 7 min 9 sec",3,7,9,"3:07:09","full",11229,"pyjamas (male)",2020-09-06
"https://www.guinnessworldrecords.com/world-records/110320-fastest-marathon-dressed-as-a-cheerleader-female","Fastest marathon dressed as a cheerleader (female)","3 hr 27 min 14 sec",3,27,14,"3:27:14","full",12434,"cheerleader (female)",2020-09-06
"https://www.guinnessworldrecords.com/world-records/fastest-marathon-dressed-as-santa-claus","Fastest marathon dressed as Santa Claus","2 hr 49 min 21 sec",2,49,21,"2:49:21","full",10161,"Santa Claus",2020-09-06
"https://www.guinnessworldrecords.com/world-records/fastest-marathon-dressed-as-a-leprechaun","Fastest marathon dressed as a leprechaun (male)","2 hrs 58 min 01 sec",2,58,1,"2:58:01","full",10681,"leprechaun (male)",2020-09-06
"https://www.guinnessworldrecords.com/world-records/372384-fastest-marathon-dressed-as-an-elf-male","Fastest marathon dressed as an elf (male)","2 hr 58 min 16 sec",2,58,16,"2:58:16","full",10696,"elf (male)",2020-09-06
"https://www.guinnessworldrecords.com/world-records/424407-fastest-marathon-dressed-as-a-snowboarder","Fastest marathon dressed as a snowboarder (male)","5 hr 21 min 50 sec",5,21,50,"5:21:50","full",19310,"snowboarder (male)",2020-09-06
"https://www.guinnessworldrecords.com/world-records/97013-fastest-marathon-dressed-as-a-star","Fastest marathon dressed as a star (male)","4 hrs 5 min 42 sec",4,5,42,"4:05:42","full",14742,"star (male)",2020-09-06
"https://www.guinnessworldrecords.com/world-records/520867-fastest-marathon-dressed-as-a-national-flag-male","Fastest marathon dressed as a flag (male)","2 hrs 54 min 34 sec",2,54,34,"2:54:34","full",10474,"flag (male)",2020-09-06
"https://www.guinnessworldrecords.com/world-records/421489-fastest-marathon-dressed-as-an-elf-female","Fastest marathon dressed as an elf (female)","3 hr 27 min 04 sec",3,27,4,"3:27:04","full",12424,"elf (female)",2020-09-06
"https://www.guinnessworldrecords.com/world-records/423833-fastest-marathon-dressed-as-a-witch-female","Fastest marathon dressed as a witch (female)","3 hrs 26 min 13 sec",3,26,13,"3:26:13","full",12373,"witch (female)",2020-09-06
"https://www.guinnessworldrecords.com/world-records/fastest-marathon-dressed-as-a-bottle-(male)","Fastest marathon dressed as a bottle (male)","3 hr 09 min 37 sec",3,9,37,"3:09:37","full",11377,"bottle (male)",2020-09-06
"https://www.guinnessworldrecords.com/world-records/fastest-marathon-dressed-as-a-gingerbread-man","Fastest marathon dressed as a gingerbread person","3 hr 14 min 15 sec",3,14,15,"3:14:15","full",11655,"gingerbread person",2020-09-06
"https://www.guinnessworldrecords.com/world-records/fastest-marathon-dressed-as-a-bottle-(female)","Fastest marathon dressed as a bottle (female)","3 hr 57 min 57 sec",3,57,57,"3:57:57","full",14277,"bottle (female)",2020-09-06
"https://www.guinnessworldrecords.com/world-records/fastest-marathon-dressed-as-a-telephone-box","Fastest marathon dressed as a telephone box","4 hrs 6 min and 37 sec",4,6,37,"4:06:37","full",14797,"telephone box",2020-09-06
"https://www.guinnessworldrecords.com/world-records/528572-fastest-marathon-dressed-as-a-battery-male","Fastest marathon dressed as a battery (male)","2 hr 59 min 57.6 sec",2,59,57.6,"2:59:57.6","full",10797.6,"battery (male)",2020-09-06
"https://www.guinnessworldrecords.com/world-records/fastest-marathon-dressed-as-elvis","Fastest marathon dressed as Elvis (male)","2 hr 42 min 52 sec",2,42,52,"2:42:52","full",9772,"Elvis (male)",2020-09-06
"https://www.guinnessworldrecords.com/world-records/106372-fastest-marathon-dressed-as-a-ninja","Fastest marathon dressed as a ninja (male)","4 hr 17 min 50 sec",4,17,50,"4:17:50","full",15470,"ninja (male)",2020-09-06
"https://www.guinnessworldrecords.com/world-records/fastest-marathon-dressed-as-a-cartoon-character","Fastest marathon dressed as a cartoon character","2 hr 46 min 40 sec",2,46,40,"2:46:40","full",10000,"cartoon character",2020-09-06
"https://www.guinnessworldrecords.com/world-records/567234-fastest-marathon-dressed-as-a-devil-male","Fastest marathon dressed as a devil (male)","3 hrs 28 min 52 sec",3,28,52,"3:28:52","full",12532,"devil (male)",2020-09-06
"https://www.guinnessworldrecords.com/world-records/570589-fastest-marathon-dressed-as-a-vampire-female","Fastest marathon dressed as a vampire (female)","4 hr 13 min 50 sec",4,13,50,"4:13:50","full",15230,"vampire (female)",2020-09-06
"https://www.guinnessworldrecords.com/world-records/118371-fastest-marathon-dressed-as-a-zookeeper-female","Fastest marathon dressed as a zookeeper (female)","4 hr 8 min 17 sec",4,8,17,"4:08:17","full",14897,"zookeeper (female)",2020-09-06
"https://www.guinnessworldrecords.com/world-records/112081-fastest-marathon-dressed-as-a-boxer-female","Fastest marathon dressed as a boxer (female)","3 hr 52 min 27 sec",3,52,27,"3:52:27","full",13947,"boxer (female)",2020-09-06
"https://www.guinnessworldrecords.com/world-records/465500-fastest-marathon-dressed-as-a-supervillain-male","Fastest marathon dressed as a supervillain (male)","3 hr 2 min 2 sec",3,2,2,"3:02:02","full",10922,"supervillain (male)",2020-09-06
"https://www.guinnessworldrecords.com/world-records/fastest-marathon-dressed-as-a-zombie","Fastest marathon dressed as a zombie (male)","2 hr 43 min 54 sec",2,43,54,"2:43:54","full",9834,"zombie (male)",2020-09-06
"https://www.guinnessworldrecords.com/world-records/fastest-marathon-dressed-as-a-doctor-(female)","Fastest marathon dressed as a doctor (female)","3 hr 13 min 23 sec",3,13,23,"3:13:23","full",11603,"doctor (female)",2020-09-06
"https://www.guinnessworldrecords.com/world-records/358955-fastest-marathon-dressed-as-a-lifeguard-female","Fastest marathon dressed as a lifeguard (female)","3 hr 31 min 6 sec",3,31,6,"3:31:06","full",12666,"lifeguard (female)",2020-09-06
"https://www.guinnessworldrecords.com/world-records/509134-fastest-marathon-dressed-as-a-zombie-female","Fastest marathon dressed as a zombie (female)","3 hr 39 min 25 sec",3,39,25,"3:39:25","full",13165,"zombie (female)",2020-09-06
"https://www.guinnessworldrecords.com/world-records/483299-fastest-marathon-dressed-as-a-cavewoman-female","Fastest marathon dressed as a caveperson (female)","3 hr 35 min 20 sec",3,35,20,"3:35:20","full",12920,"caveperson (female)",2020-09-06
"https://www.guinnessworldrecords.com/world-records/110400-fastest-marathon-dressed-as-a-monarch-male","Fastest marathon dressed as a monarch (male)","3 hr 39 min 10 sec",3,39,10,"3:39:10","full",13150,"monarch (male)",2020-09-06
"https://www.guinnessworldrecords.com/world-records/375150-fastest-marathon-dressed-as-elvis-female","Fastest marathon dressed as Elvis (female)","3 hr 49 min 53 sec",3,49,53,"3:49:53","full",13793,"Elvis (female)",2020-09-06
"https://www.guinnessworldrecords.com/world-records/553670-fastest-marathon-dressed-as-a-scientist-male","Fastest marathon dressed as a scientist (male)","3 hr 22 min 51 sec",3,22,51,"3:22:51","full",12171,"scientist (male)",2020-09-06
"https://www.guinnessworldrecords.com/world-records/508977-fastest-marathon-dressed-as-a-mummy-male","Fastest marathon dressed as a mummy (male)","3 hr 59 min 4 sec",3,59,4,"3:59:04","full",14344,"mummy (male)",2020-09-06
"https://www.guinnessworldrecords.com/world-records/fastest-marathon-dressed-as-a-fairy-(female)","Fastest marathon dressed as a fairy (female)","3 hr 12 min 57 sec",3,12,57,"3:12:57","full",11577,"fairy (female)",2020-09-06
"https://www.guinnessworldrecords.com/world-records/fastest-marathon-dressed-as-a-crustacean-(male)","Fastest marathon dressed as a crustacean (male)","3 hrs 13 min 18 sec",3,13,18,"3:13:18","full",11598,"crustacean (male)",2020-09-06
"https://www.guinnessworldrecords.com/world-records/373219-fastest-marathon-dressed-as-a%c2%a0car-male","Fastest marathon dressed as a car (male)","4 hrs 55 min 09 sec",4,55,9,"4:55:09","full",17709,"a car (male)",2020-09-06
"https://www.guinnessworldrecords.com/world-records/96099-fastest-marathon-dressed-as-a-videogame-character","Fastest marathon dressed as a videogame character","2 hr 57 min 00 sec",2,57,0,"2:57:00","full",10620,"videogame character",2020-09-06
"https://www.guinnessworldrecords.com/world-records/fastest-marathon-dressed-as-a-postman","Fastest marathon dressed as a postal worker","3 hr 45 min 06 sec",3,45,6,"3:45:06","full",13506,"postal worker",2020-09-06
"https://www.guinnessworldrecords.com/world-records/fastest-marathon-in-a-police-uniform","Fastest marathon dressed in a police uniform","3 hr 09 min 52 sec",3,9,52,"3:09:52","full",11392,"police uniform",2020-09-06
"https://www.guinnessworldrecords.com/world-records/375245-fastest-marathon-dressed-as-a-caveman-male","Fastest marathon dressed as a caveperson (male)","3 hrs 05 min 11 sec",3,5,11,"3:05:11","full",11111,"caveperson (male)",2020-09-06
"https://www.guinnessworldrecords.com/world-records/430675-fastest-marathon-dressed-as-a-chef-female","Fastest marathon dressed as a chef (female)","4 hr 54 min 49 sec",4,54,49,"4:54:49","full",17689,"chef (female)",2020-09-06
"https://www.guinnessworldrecords.com/world-records/100077-fastest-marathon-dressed-in-a-sari","Fastest marathon dressed in a sari (female)","3 hr 57 min 7 sec",3,57,7,"3:57:07","full",14227,"sari (female)",2020-09-06
"https://www.guinnessworldrecords.com/world-records/411176-fastest-marathon-dressed-as-an-aircraft-male","Fastest marathon dressed as a three dimensional aircraft (male)","5 hrs 3 min 15 sec",5,3,15,"5:03:15","full",18195,"three dimensional aircraft (male)",2020-09-06
"https://www.guinnessworldrecords.com/world-records/fastest-marathon-dressed-as-santa-claus-(female)","Fastest marathon dressed as Santa Claus (female)","3 hr 43 min 20 sec",3,43,20,"3:43:20","full",13400,"Santa Claus (female)",2020-09-06
"https://www.guinnessworldrecords.com/world-records/96049-fastest-marathon-dressed-as-a-book-character-female","Fastest marathon dressed as a book character (female)","3 hr 08 min 34 sec",3,8,34,"3:08:34","full",11314,"book character (female)",2020-09-06
"https://www.guinnessworldrecords.com/world-records/fastest-marathon-dressed-as-a-roman-soldier","Fastest marathon dressed as a Roman soldier (male)","2 hr 57 min",2,57,0,"2:57:00","full",10620,"Roman soldier (male)",2020-09-06
"https://www.guinnessworldrecords.com/world-records/457263-fastest-marathon-dressed-as-a-traffic-cone-male","Fastest marathon dressed as a traffic cone (male)","3 hr 45 min 26 sec",3,45,26,"3:45:26","full",13526,"traffic cone (male)",2020-09-06
"https://www.guinnessworldrecords.com/world-records/461811-fastest-marathon-dressed-as-a-lucha-libre-wrestler-male","Fastest marathon dressed as a Lucha libre wrestler (male)","3 hrs 24 min 15 sec",3,24,15,"3:24:15","full",12255,"Lucha libre wrestler (male)",2020-09-06
"https://www.guinnessworldrecords.com/world-records/446552-fastest-marathon-dressed-as-a-tennis-player-male","Fastest marathon dressed as a tennis player (male)","3 hr 5 min 30 sec",3,5,30,"3:05:30","full",11130,"tennis player (male)",2020-09-06
"https://www.guinnessworldrecords.com/world-records/449021-fastest-marathon-dressed-as-a-gingerbread-man-female","Fastest marathon dressed as a gingerbread person (female)","3 hrs 46 min 55 sec",3,46,55,"3:46:55","full",13615,"gingerbread person (female)",2020-09-06
"https://www.guinnessworldrecords.com/world-records/103393-fastest-marathon-dressed-as-a-videogame-character-female","Fastest marathon dressed as a videogame character (female)","3 hr 56 min 18 sec",3,56,18,"3:56:18","full",14178,"videogame character (female)",2020-09-06
"https://www.guinnessworldrecords.com/world-records/fastest-marathon-dressed-as-a-tapfaucet-(male)","Fastest marathon dressed as a tap/faucet (male)","3 hr 29 min 55 sec",3,29,55,"3:29:55","full",12595,"tap/faucet (male)",2020-09-06
"https://www.guinnessworldrecords.com/world-records/465340-fastest-marathon-dressed-as-a-three-dimensional-toy-male","Fastest marathon dressed as a three dimensional toy (male)","4 hr 59 min 30 sec",4,59,30,"4:59:30","full",17970,"three dimensional toy (male)",2020-09-06
"https://www.guinnessworldrecords.com/world-records/114765-fastest-marathon-dressed-as-a-medical-instrument","Fastest marathon dressed as a piece of medical equipment (male)","3 hrs 48 min 9 sec",3,48,9,"3:48:09","full",13689,"piece of medical equipment (male)",2020-09-06
"https://www.guinnessworldrecords.com/world-records/415096-fastest-marathon-dressed-as-a-circus-strongman-male","Fastest marathon dressed as a circus strongperson (male)","3 hr 19 min 30 sec",3,19,30,"3:19:30","full",11970,"circus strongperson (male)",2020-09-06
"https://www.guinnessworldrecords.com/world-records/589789-fastest-marathon-dressed-as-a-three-dimensional-shoe-male","Fastest marathon dressed as a three dimensional shoe (male)","3 hr 54 min 17 sec",3,54,17,"3:54:17","full",14057,"three dimensional shoe (male)",2020-09-06
"https://www.guinnessworldrecords.com/world-records/fastest-marathon-dressed-as-a-book-character","Fastest marathon dressed as a book character (male)","2 hr 42 min 17 sec",2,42,17,"2:42:17","full",9737,"book character (male)",2020-09-06
"https://www.guinnessworldrecords.com/world-records/499560-fastest-marathon-dressed-as-a-stationery-item-male","Fastest marathon dressed as a stationery item (male)","3 hr 33 min 13 sec",3,33,13,"3:33:13","full",12793,"stationery item (male)",2020-09-06
"https://www.guinnessworldrecords.com/world-records/556558-fastest-marathon-dressed-as-an-astronomical-body-male","Fastest marathon dressed as an astronomical body (male)","3 hr 52 min 40 sec",3,52,40,"3:52:40","full",13960,"astronomical body (male)",2020-09-06
"https://www.guinnessworldrecords.com/world-records/534584-fastest-marathon-dressed-as-a-stationery-item-female","Fastest marathon dressed as a stationery item (female)","3 hr 54 min 25 sec",3,54,25,"3:54:25","full",14065,"stationery item (female)",2020-09-06
"https://www.guinnessworldrecords.com/world-records/497436-fastest-marathon-dressed-as-a-hospital-patient-male","Fastest marathon dressed as a hospital patient (male)","3 hr 40 min 38 sec",3,40,38,"3:40:38","full",13238,"hospital patient (male)",2020-09-06
"https://www.guinnessworldrecords.com/world-records/fastest-marathon-dressed-as-a-television-character-(male)","Fastest marathon dressed as a television character (male)","2 hr 49 min 51 sec",2,49,51,"2:49:51","full",10191,"television character (male)",2020-09-06
"https://www.guinnessworldrecords.com/world-records/93991-fastest-marathon-dressed-as-a-television-character-female","Fastest marathon dressed as a television character (female)","3 hrs 54 min 58 sec",3,54,58,"3:54:58","full",14098,"television character (female)",2020-09-06
"https://www.guinnessworldrecords.com/world-records/fastest-marathon-dressed-as-a-cartoon-character-(female)","Fastest marathon dressed as a cartoon character (female)","3 hrs 24 min 28 sec",3,24,28,"3:24:28","full",12268,"cartoon character (female)",2020-09-06
"https://www.guinnessworldrecords.com/world-records/375738-fastest-marathon-dressed-as-a-landmark-male","Fastest marathon dressed as a landmark building (male)","3 hr 34 min 34 sec",3,34,34,"3:34:34","full",12874,"landmark building (male)",2020-09-06
"https://www.guinnessworldrecords.com/world-records/513378-fastest-marathon-dressed-as-a-three-dimensional-plant-male","Fastest marathon dressed as a three dimensional plant (male)","4 hr 51 min 5 sec",4,51,5,"4:51:05","full",17465,"three dimensional plant (male)",2020-09-06
"https://www.guinnessworldrecords.com/world-records/435649-fastest-marathon-dressed-as-a-mountain-climber-male","Fastest marathon dressed as a mountain climber (male)","4 hr 19 min 48 sec",4,19,48,"4:19:48","full",15588,"mountain climber (male)",2020-09-06
"https://www.guinnessworldrecords.com/world-records/108460-fastest-marathon-dressed-as-a-mythical-creature-male","Fastest marathon dressed as a mythical creature (male)","3 hr 44 min 48 sec",3,44,48,"3:44:48","full",13488,"mythical creature (male)",2020-09-06
"https://www.guinnessworldrecords.com/world-records/513158-fastest-marathon-dressed-as-a-badminton-player-male","Fastest marathon dressed as a badminton player (male)","3 hr 29 min 24 sec",3,29,24,"3:29:24","full",12564,"badminton player (male)",2020-09-06
"https://www.guinnessworldrecords.com/world-records/482819-fastest-half-marathon-dressed-as-a-barrister","Fastest half marathon dressed as a barrister","1 hr 44 min 58 sec",1,44,58,"1:44:58","half",6298,"barrister",2020-09-06
"https://www.guinnessworldrecords.com/world-records/94957-fastest-half-marathon-dressed-as-a-clown","Fastest half marathon dressed as a clown","1 hr 28 min 57 sec",1,28,57,"1:28:57","half",5337,"clown",2020-09-06
"https://www.guinnessworldrecords.com/world-records/111991-fastest-marathon-in-a-baseball-uniform","Fastest marathon dressed in a baseball uniform (male)","2 hr 56 min 46 sec",2,56,46,"2:56:46","full",10606,"baseball uniform (male)",2020-09-06
"https://www.guinnessworldrecords.com/world-records/508315-fastest-marathon-dressed-in-full-quidditch-kit-male","Fastest marathon dressed in full Quidditch kit (male)","4 hr 2 min 31 sec",4,2,31,"4:02:31","full",14551,"full Quidditch kit (male)",2020-09-06
"https://www.guinnessworldrecords.com/world-records/410829-fastest-marathon-dressed-in-a-ghillie-suit-female","Fastest marathon dressed in a ghillie suit (female)","3 hr 59 min 13 sec",3,59,13,"3:59:13","full",14353,"ghillie suit (female)",2020-09-06
"https://www.guinnessworldrecords.com/world-records/fastest-marathon-dressed-in-an-ice-hockey-kit-(male)","Fastest marathon dressed in an ice hockey kit (male)","4 hr 8 min 43 sec",4,8,43,"4:08:43","full",14923,"ice hockey kit (male)",2020-09-06
"https://www.guinnessworldrecords.com/world-records/369169-fastest-marathon-dressed-in-a-rugby-kit","Fastest marathon dressed in a rugby kit (male)","3 hr 14 min 53 sec",3,14,53,"3:14:53","full",11693,"rugby kit (male)",2020-09-06
"https://www.guinnessworldrecords.com/world-records/92625-fastest-marathon-in-an-american-football-kit","Fastest marathon dressed in an American football kit (male)","3 hr 33 min 42 sec",3,33,42,"3:33:42","full",12822,"American football kit (male)",2020-09-06
"https://www.guinnessworldrecords.com/world-records/539459-fastest-marathon-dressed-in-a-football-soccer-kit-male","Fastest marathon dressed in a football/soccer kit (male)","3 hr 28 min 34 sec",3,28,34,"3:28:34","full",12514,"football/soccer kit (male)",2020-09-06
"https://www.guinnessworldrecords.com/world-records/420859-fastest-half-marathon-dressed-as-an-elf-male","Fastest half marathon dressed as an elf (male)","1 hr 25 min 49 sec",1,25,49,"1:25:49","half",5149,"elf (male)",2020-09-06
"https://www.guinnessworldrecords.com/world-records/481370-fastest-half-marathon-dressed-as-a-zookeeper-female","Fastest half marathon dressed as a zookeeper (female)","2 hr 4 min 46.7 sec",2,4,46.7,"2:04:46.7","half",7486.7,"zookeeper (female)",2020-09-06
"https://www.guinnessworldrecords.com/world-records/538720-fastest-half-marathon-dressed-as-a-videogame-character-female","Fastest half marathon dressed as a videogame character (female)","1 hr 35 min 56.2 sec",1,35,56.2,"1:35:56.2","half",5756.2,"videogame character (female)",2020-09-06
"https://www.guinnessworldrecords.com/world-records/103391-fastest-half-marathon-dressed-as-a-book-character","Fastest half marathon dressed as a book character","1 hr 19 min 18 sec",1,19,18,"1:19:18","half",4758,"book character",2020-09-06
"https://www.guinnessworldrecords.com/world-records/fastest-half-marathon-dressed-as-a-doctor-(male)","Fastest half marathon dressed as a doctor (male)","1 hr 18 min 23 sec",1,18,23,"1:18:23","half",4703,"doctor (male)",2020-09-06
"https://www.guinnessworldrecords.com/world-records/97799-fastest-half-marathon-dressed-as-a-cowboy","Fastest half marathon dressed as a rancher (male)","1 hr 36 min 32 sec",1,36,32,"1:36:32","half",5792,"rancher (male)",2020-09-06
"https://www.guinnessworldrecords.com/world-records/fastest-half-marathon-dressed-as-a-bottle-(male)","Fastest half marathon dressed as a bottle (male)","1 hr, 28 min and 53 sec",1,28,53,"1:28:53","half",5333,"bottle (male)",2020-09-06
"https://www.guinnessworldrecords.com/world-records/548472-fastest-half-marathon-dressed-as-a-cartoon-character-female","Fastest half marathon dressed as a cartoon character (female)","1 hr 53 min 26 sec",1,53,26,"1:53:26","half",6806,"cartoon character (female)",2020-09-06
"https://www.guinnessworldrecords.com/world-records/482328-fastest-half-marathon-dressed-as-a-rubiks-cube-male","Fastest half marathon dressed as a Rubik's Cube (male)","1 hr 53 min 38 sec",1,53,38,"1:53:38","half",6818,"Rubik's Cube (male)",2020-09-06
"https://www.guinnessworldrecords.com/world-records/117781-fastest-half-marathon-dressed-as-a-chef","Fastest half marathon dressed as a chef (male)","1 hr 27 min 50 sec",1,27,50,"1:27:50","half",5270,"chef (male)",2020-09-06
"https://www.guinnessworldrecords.com/world-records/481882-fastest-half-marathon-dressed-as-a-gingerbread-man-female","Fastest half marathon dressed as a gingerbread person (female)","1 hr 43 min 49 sec",1,43,49,"1:43:49","half",6229,"gingerbread person (female)",2020-09-06
"https://www.guinnessworldrecords.com/world-records/606074-fastest-half-marathon-dressed-as-a-ninja-male","Fastest half marathon dressed as a ninja (male)","1 hr 54 min 3 sec",1,54,3,"1:54:03","half",6843,"ninja (male)",2020-09-06
"https://www.guinnessworldrecords.com/world-records/107702-fastest-half-marathon-dressed-as-a-cartoon-character","Fastest half marathon dressed as a cartoon character (male)","1 hr 32 min 13 sec",1,32,13,"1:32:13","half",5533,"cartoon character (male)",2020-09-06
"https://www.guinnessworldrecords.com/world-records/609223-fastest-half-marathon-dressed-as-a-car-male","Fastest half marathon dressed as a car (male)","2 hr 35 sec",2,0,35,"2:00:35","half",7235,"car (male)",2020-09-06
"https://www.guinnessworldrecords.com/world-records/99763-fastest-half-marathon-dressed-as-a-nurse-female","Fastest half marathon dressed as a nurse (female)","1 hr 44 min 22 sec",1,44,22,"1:44:22","half",6262,"nurse (female)",2020-09-06
"https://www.guinnessworldrecords.com/world-records/401487-fastest-half-marathon-dressed-as-a-television-character-female","Fastest half marathon dressed as a television character (female)","1 hr 56 min 48.6 sec",1,56,48.6,"1:56:48.6","half",7008.6,"television character (female)",2020-09-06
"https://www.guinnessworldrecords.com/world-records/380367-fastest%c2%a0half-marathon-dressed-as-a-videogame-character-male","Fastest half marathon dressed as a videogame character (male)","1 hr 31 min 59 sec",1,31,59,"1:31:59","half",5519,"Fastest half marathon dressed as a videogame character (male)",2020-09-06
"https://www.guinnessworldrecords.com/world-records/fastest-half-marathon-dressed-as-a-television-character","Fastest half marathon dressed as a television character","1 hr 28 min 24 sec",1,28,24,"1:28:24","half",5304,"television character",2020-09-06
"https://www.guinnessworldrecords.com/world-records/94955-fastest-half-marathon-dressed-as-a-gingerbread-man","Fastest half marathon dressed as a gingerbread person (male)","1 hr 29 min 00 sec",1,29,0,"1:29:00","half",5340,"gingerbread person (male)",2020-09-06
"https://www.guinnessworldrecords.com/world-records/556852-fastest-half-marathon-dressed-in-pyjamas-male","Fastest half marathon dressed in pyjamas (male)","1 hr 28 min 30 sec",1,28,30,"1:28:30","half",5310,"pyjamas (male)",2020-09-06
"https://www.guinnessworldrecords.com/world-records/531906-fastest-half-marathon-dressed-in-a-baseball-uniform-male","Fastest half marathon dressed in a baseball uniform (male)","1 hr 48 min 9 sec",1,48,9,"1:48:09","half",6489,"baseball uniform (male)",2020-09-06
"https://www.guinnessworldrecords.com/world-records/112880-fastest-half-marathon-in-an-american-football-kit","Fastest half marathon dressed in an American football kit","1 hr 40 min 14 sec",1,40,14,"1:40:14","half",6014,"American football kit",2020-09-06
"https://www.guinnessworldrecords.com/world-records/491558-fastest-half-marathon-dressed-in-an-ice-hockey-kit-male","Fastest half marathon dressed in an ice hockey kit (male)","1 hr 39 min 50.4 sec",1,39,50.4,"1:39:50.4","half",5990.4,"ice hockey kit (male)",2020-09-06
"https://www.guinnessworldrecords.com/world-records/587093-fastest-half-marathon-dressed-in-full-quidditch-kit-male","Fastest half marathon dressed in full Quidditch kit (male)","1 hr 41 min 16 sec",1,41,16,"1:41:16","half",6076,"full Quidditch kit (male)",2020-09-06
"https://www.guinnessworldrecords.com/world-records/370721-fastest-half-marathon-in-a-kilt","Fastest half marathon in highland dress","1 hr 43 min 44 sec",1,43,44,"1:43:44","half",6224,"highland dress",2020-09-06
"https://www.guinnessworldrecords.com/world-records/116617-fastest-marathon-in-highland-dress-male","Fastest marathon in highland dress (male)","3 hr 20 min 13 sec",3,20,13,"3:20:13","full",12013,"highland dress (male)",2020-09-06
"https://www.guinnessworldrecords.com/world-records/fastest-marathon-in-a-wedding-dress-(male)","Fastest marathon in a wedding dress (male)","2 hr 49 min 17 sec",2,49,17,"2:49:17","full",10157,"wedding dress (male)",2020-09-06
"https://www.guinnessworldrecords.com/world-records/fastest-marathon-in-a-wedding-dress","Fastest marathon in a wedding dress (female)","3 hr 16 min 44 sec",3,16,44,"3:16:44","full",11804,"wedding dress (female)",2020-09-06
"https://www.guinnessworldrecords.com/world-records/fastest-marathon-by-a-mascot-(female)","Fastest marathon by a mascot (female)","3 hr 58 min 57 sec",3,58,57,"3:58:57","full",14337,"mascot (female)",2020-09-06
"https://www.guinnessworldrecords.com/world-records/577393-fastest-marathon-in-a-toga-male","Fastest marathon in a toga (male)","2 hr 56 min 34 sec",2,56,34,"2:56:34","full",10594,"toga (male)",2020-09-06
"https://www.guinnessworldrecords.com/world-records/fastest-marathon-in-superhero-costume-(female)","Fastest marathon in superhero costume (female)","2 hr 48 min 51 sec",2,48,51,"2:48:51","full",10131,"superhero costume (female)",2020-09-06
"https://www.guinnessworldrecords.com/world-records/fastest-half-marathon-by-a-mascot","Fastest half marathon by a mascot (male)","1 hr 37 min 3 sec",1,37,3,"1:37:03","half",5823,"mascot (male)",2020-09-06
"https://www.guinnessworldrecords.com/world-records/fastest-marathon-in-a-four-person-costume","Fastest marathon in a four-person costume","4 hr 3 min 18 sec",4,3,18,"4:03:18","full",14598,"four-person costume",2020-09-06
"https://www.guinnessworldrecords.com/world-records/508842-fastest-marathon-in-a-six-person-costume","Fastest marathon in a six-person costume","5 hr 59 min 33 sec",5,59,33,"5:59:33","full",21573,"six-person costume",2020-09-06
"https://www.guinnessworldrecords.com/world-records/fastest-marathon-in-superhero-costume-(male)","Fastest marathon in superhero costume (male)","2 hr 27 min 43 sec",2,27,43,"2:27:43","full",8863,"superhero costume (male)",2020-09-06
"https://www.guinnessworldrecords.com/world-records/370406-fastest-marathon-in-a-two-person-costume","Fastest marathon in a two-person costume","3 hr 25 min 17 sec",3,25,17,"3:25:17","full",12317,"two-person costume",2020-09-06
"https://www.guinnessworldrecords.com/world-records/fastest-marathon-in-a-nurses-uniform-(female)","Fastest marathon in a nurse's uniform (female)","3 hr 8 min 22 sec",3,8,22,"3:08:22","full",11302,"nurse's uniform (female)",2020-09-06
"https://www.guinnessworldrecords.com/world-records/fastest-marathon-in-a-nurses-uniform-(male)","Fastest marathon in a nurse's uniform (male)","2 hr 45 min 37 sec",2,45,37,"2:45:37","full",9937,"nurse's uniform (male)",2020-09-06
"https://www.guinnessworldrecords.com/world-records/79711-fastest-marathon-in-a-two-person-pantomime-costume","Fastest marathon in a two-person pantomime costume","4 hr 35 min and 4 sec",4,35,4,"4:35:04","full",16504,"two-person pantomime costume",2020-09-06
"https://www.guinnessworldrecords.com/world-records/464891-fastest-half-marathon-in-a-four-person-costume","Fastest half marathon in a four-person costume","2 hr 36 min 56 sec",2,36,56,"2:36:56","half",9416,"four-person costume",2020-09-06
"https://www.guinnessworldrecords.com/world-records/571460-fastest-half-marathon-wearing-high-heels-female","Fastest half marathon wearing high heels (female)","3 hr 35 min 52 sec",3,35,52,"3:35:52","half",12952,"high heels (female)",2020-09-06
"https://www.guinnessworldrecords.com/world-records/97351-fastest-half-marathon-carrying-golf-clubs","Fastest half marathon carrying golf clubs","1 hr 57 min 58.8 sec",1,57,58.8,"1:57:58.8","half",7078.8,"carrying golf clubs",2020-09-06
"https://www.guinnessworldrecords.com/world-records/97517-fastest-half-marathon-in-superhero-costume-male","Fastest half marathon in superhero costume (male)","1 hr 9 min 33 sec",1,9,33,"1:09:33","half",4173,"superhero costume (male)",2020-09-06
"https://www.guinnessworldrecords.com/world-records/464346-fastest-half-marathon-in-a-two-person-costume","Fastest half marathon in a two-person costume","2 hr 9 min 27.5 sec",2,9,27.5,"2:09:27.5","half",7767.5,"two-person costume",2020-09-06
"https://www.guinnessworldrecords.com/world-records/fastest-marathon-in-film-character-costume-(male)","Fastest marathon in film character costume (male)","2 hr 36 min 28 sec",2,36,28,"2:36:28","full",9388,"film character costume (male)",2020-09-06
"https://www.guinnessworldrecords.com/world-records/fastest-marathon-in-a-suit","Fastest marathon in a suit (male)","2 hr 42 min and 59 sec",2,42,59,"2:42:59","full",9779,"suit (male)",2020-09-06
"https://www.guinnessworldrecords.com/world-records/439522-fastest-half-marathon-wearing-a%c2%a0shalwar-kameez-male","Fastest half marathon wearing a shalwar kameez (male)","1 hr 30 min 23 sec",1,30,23,"1:30:23","half",5423,"a shalwar kameez (male)",2020-09-06
"https://www.guinnessworldrecords.com/world-records/114675-fastest-half-marathon-in-superhero-costume-female","Fastest half marathon in superhero costume (female)","1 hr 18 min 26 sec",1,18,26,"1:18:26","half",4706,"superhero costume (female)",2020-09-06
"https://www.guinnessworldrecords.com/world-records/fastest-marathon-in-a-firemans-uniform","Fastest marathon in a firefighter's uniform","3 hr 41 min 10 sec",3,41,10,"3:41:10","full",13270,"firefighter's uniform",2020-09-06
"https://www.guinnessworldrecords.com/world-records/108254-fastest-marathon-in-a-lacrosse-kit","Fastest marathon in a lacrosse kit","3 hr 46 min 58 sec",3,46,58,"3:46:58","full",13618,"lacrosse kit",2020-09-06
"https://www.guinnessworldrecords.com/world-records/fastest-marathon-wearing-armour","Fastest marathon wearing armour","6 hr 46 min 59 sec",6,46,59,"6:46:59","full",24419,"armour",2020-09-06
"https://www.guinnessworldrecords.com/world-records/fastest-marathon-in-film-character-costume-(female)-","Fastest marathon in film character costume (female)","3 hrs 16 min 19 sec",3,16,19,"3:16:19","full",11779,"film character costume (female)",2020-09-06
"https://www.guinnessworldrecords.com/world-records/fastest-half-marathon-in-a-nurses-uniform-(male)","Fastest half marathon in a nurse's uniform (male)","1 hr 20 min 39 sec",1,20,39,"1:20:39","half",4839,"nurse's uniform (male)",2020-09-06
"https://www.guinnessworldrecords.com/world-records/fastest-marathon-by-a-mascot-(male)","Fastest marathon by a mascot (male)","3 hr 17 min 57 sec",3,17,57,"3:17:57","full",11877,"mascot (male)",2020-09-06
"https://www.guinnessworldrecords.com/world-records/112585-fastest-marathon-wearing-lederhosen","Fastest marathon wearing lederhosen","3 hr 4 min 6 sec",3,4,6,"3:04:06","full",11046,"lederhosen",2020-09-06
"https://www.guinnessworldrecords.com/world-records/595048-fastest-marathon-distance-male","Fastest marathon distance (male)","1 hr 59 min 40 sec",1,59,40,"1:59:40","full",7180,"any outfit (male)",2020-09-06
"https://www.guinnessworldrecords.com/world-records/444829-fastest-marathon-in-a-kung-fu-uniform","Fastest marathon in a Kung Fu uniform","3 hr 42 min 57 sec",3,42,57,"3:42:57","full",13377,"Kung Fu uniform",2020-09-06
"https://www.guinnessworldrecords.com/world-records/401107-fastest-marathon-four-legged-male","Fastest marathon four legged (male)","4 hr 44 min 18 sec",4,44,18,"4:44:18","full",17058,"four legged (male)",2020-09-06
"https://www.guinnessworldrecords.com/world-records/431655-fastest-half-marathon-in-a-suit-female","Fastest half marathon in a suit (female)","1 hr 36 min 37 sec",1,36,37,"1:36:37","half",5797,"suit (female)",2020-09-06
"https://www.guinnessworldrecords.com/world-records/437099-fastest-marathon-female-masters-35","Fastest marathon (female, masters 35)","2 hr 19 min 19 sec",2,19,19,"2:19:19","full",8359,"any outfit (female, masters 35)",2020-09-06
"https://www.guinnessworldrecords.com/world-records/371725-fastest-marathon-in-a-three-person-costume","Fastest marathon in a three person costume","3 hrs 13 min 9 sec",3,13,9,"3:13:09","full",11589,"three person costume",2020-09-06
"https://www.guinnessworldrecords.com/world-records/fastest-half-marathon-in-a-two-person-pantomime-costume","Fastest half marathon in a two-person pantomime costume","1 hr 42 min 47 sec",1,42,47,"1:42:47","half",6167,"two-person pantomime costume",2020-09-06
"https://www.guinnessworldrecords.com/world-records/94509-fastest-half-marathon-in-full-military-uniform","Fastest half marathon in full military uniform","1 hr 39 min 40 sec",1,39,40,"1:39:40","half",5980,"full military uniform",2020-09-06
"https://www.guinnessworldrecords.com/world-records/448992-fastest-marathon-in-classic-brownie-uniform-female","Fastest marathon in classic brownie uniform (female)","3 hr 26 min 51 sec",3,26,51,"3:26:51","full",12411,"classic brownie uniform (female)",2020-09-06
"https://www.guinnessworldrecords.com/world-records/426444-fastest-marathon-pushing-a-double-pram-female","Fastest marathon pushing a double pram (female)","3 hr 22 min 5 sec",3,22,5,"3:22:05","full",12125,"pushing a double pram (female)",2020-09-06
"https://www.guinnessworldrecords.com/world-records/400396-fastest-half-marathon-carrying-a-car-tyre-tire","Fastest half marathon carrying a car tyre","1 hr 35 min 58 sec",1,35,58,"1:35:58","half",5758,"carrying a car tyre",2020-09-06
"https://www.guinnessworldrecords.com/world-records/445691-fastest-half-marathon-pushing-a-triple-pram-male","Fastest half marathon pushing a triple pram (male)","1 hr 51 min 29 sec",1,51,29,"1:51:29","half",6689,"pushing a triple pram (male)",2020-09-06
"https://www.guinnessworldrecords.com/world-records/fastest-half-marathon-in-a-firemans-uniform-","Fastest half marathon in a firefighter's uniform (male)","1 h 38 min 20 sec",1,38,20,"1:38:20","half",5900,"firefighter's uniform (male)",2020-09-06
"https://www.guinnessworldrecords.com/world-records/fastest-marathon-wearing-chainmail-(upper-body)","Fastest marathon wearing chainmail (upper body)","4 hrs 50 min 16 sec",4,50,16,"4:50:16","full",17416,"chainmail (upper body)",2020-09-06
