"url","desc","time_string","hour","min","sec","time","type","total_time_in_secs","x"
"https://www.guinnessworldrecords.com/world-records/458100-fastest-marathon-dressed-as-a-fisherman","Fastest marathon dressed as a fisher","4 hr 37 min 31 sec",4,37,31,"4:37:31","full",16651,1.02350079268169
"https://www.guinnessworldrecords.com/world-records/fastest-marathon-dressed-as-a-jester","Fastest marathon dressed as a jester","2 hr 59 min 54 sec",2,59,54,"2:59:54","full",10794,1.1412064784347
"https://www.guinnessworldrecords.com/world-records/fastest-marathon-dressed-as-a-viking","Fastest marathon dressed as a Viking","3 hrs 3 min 11 sec",3,3,11,"3:03:11","full",10991,1
"https://www.guinnessworldrecords.com/world-records/fastest-marathon-dressed-as-a-lifeguard","Fastest marathon dressed as a lifeguard","2 hr 55 min 54 sec",2,55,54,"2:55:54","full",10554,1.00478713698048
"https://www.guinnessworldrecords.com/world-records/fastest-marathon-dressed-as-a-clown","Fastest marathon dressed as a clown","2 hr 42 min 56 sec",2,42,56,"2:42:56","full",9776,1.03978617573874
"https://www.guinnessworldrecords.com/world-records/fastest-marathon-dressed-as-a-boxer","Fastest marathon dressed as a boxer","3 hr 2 min 19 sec",3,2,19,"3:02:19","full",10939,0.83687793036048
"https://www.guinnessworldrecords.com/world-records/fastest-marathon-dressed-as-a-jockey","Fastest marathon dressed as a jockey","3 hr 7 min 55 sec",3,7,55,"3:07:55","full",11275,0.952869459405841
"https://www.guinnessworldrecords.com/world-records/fastest-marathon-dressed-as-a-sailor","Fastest marathon dressed as a sailor","2 hr 52 min 32 sec",2,52,32,"2:52:32","full",10352,0.927073926108001
"https://www.guinnessworldrecords.com/world-records/fastest-marathon-dressed-as-a-cowboy","Fastest marathon dressed as a rancher","2 hr 42 min 14 sec",2,42,14,"2:42:14","full",9734,1.0149051736317
"https://www.guinnessworldrecords.com/world-records/92823-fastest-marathon-run-dressed-as-a-snowman","Fastest marathon dressed as a snowperson (male)","3 hr 46 min 12 sec",3,46,12,"3:46:12","full",13572,1.00914633039647
"https://www.guinnessworldrecords.com/world-records/474502-fastest-marathon-dressed-as-a-lumberjack-male","Fastest marathon dressed as a lumberjack (male)","3 hr 58 min 26 sec",3,58,26,"3:58:26","full",14306,0.902680486536531
"https://www.guinnessworldrecords.com/world-records/fastest-marathon-dressed-as-a-fairy","Fastest marathon dressed as a fairy (male)","2 hr 49 min 44 sec",2,49,44,"2:49:44","full",10184,0.95009626859539
"https://www.guinnessworldrecords.com/world-records/fastest-marathon-dressed-as-a-golfer-(male)","Fastest marathon dressed as a golfer (male)","2 hr 59 min 35 sec",2,59,35,"2:59:35","full",10775,0.859997118902947
"https://www.guinnessworldrecords.com/world-records/fastest-marathon-dressed-as-a-doctor-(male)","Fastest marathon dressed as a doctor (male)","2 hr 50 min 17 sec",2,50,17,"2:50:17","full",10217,0.893153589069025
"https://www.guinnessworldrecords.com/world-records/108364-fastest-marathon-dressed-as-a-chef","Fastest marathon dressed as a chef (male)","2 hr 57 min 36 sec",2,57,36,"2:57:36","full",10656,0.909353126089207
"https://www.guinnessworldrecords.com/world-records/443571-fastest-marathon-dressed-in-pyjamas-male","Fastest marathon dressed in pyjamas (male)","3 hr 7 min 9 sec",3,7,9,"3:07:09","full",11229,0.919559176653296
"https://www.guinnessworldrecords.com/world-records/110320-fastest-marathon-dressed-as-a-cheerleader-female","Fastest marathon dressed as a cheerleader (female)","3 hr 27 min 14 sec",3,27,14,"3:27:14","full",12434,0.97522662076353
"https://www.guinnessworldrecords.com/world-records/fastest-marathon-dressed-as-santa-claus","Fastest marathon dressed as Santa Claus","2 hr 49 min 21 sec",2,49,21,"2:49:21","full",10161,0.975060642265499
"https://www.guinnessworldrecords.com/world-records/fastest-marathon-dressed-as-a-leprechaun","Fastest marathon dressed as a leprechaun (male)","2 hrs 58 min 01 sec",2,58,1,"2:58:01","full",10681,0.884395223140645
"https://www.guinnessworldrecords.com/world-records/372384-fastest-marathon-dressed-as-an-elf-male","Fastest marathon dressed as an elf (male)","2 hr 58 min 16 sec",2,58,16,"2:58:16","full",10696,1.11686139217103
"https://www.guinnessworldrecords.com/world-records/424407-fastest-marathon-dressed-as-a-snowboarder","Fastest marathon dressed as a snowboarder (male)","5 hr 21 min 50 sec",5,21,50,"5:21:50","full",19310,1
"https://www.guinnessworldrecords.com/world-records/97013-fastest-marathon-dressed-as-a-star","Fastest marathon dressed as a star (male)","4 hrs 5 min 42 sec",4,5,42,"4:05:42","full",14742,0.977589198191672
"https://www.guinnessworldrecords.com/world-records/520867-fastest-marathon-dressed-as-a-national-flag-male","Fastest marathon dressed as a flag (male)","2 hrs 54 min 34 sec",2,54,34,"2:54:34","full",10474,1.06873141893318
"https://www.guinnessworldrecords.com/world-records/421489-fastest-marathon-dressed-as-an-elf-female","Fastest marathon dressed as an elf (female)","3 hr 27 min 04 sec",3,27,4,"3:27:04","full",12424,1.11365025074414
"https://www.guinnessworldrecords.com/world-records/423833-fastest-marathon-dressed-as-a-witch-female","Fastest marathon dressed as a witch (female)","3 hrs 26 min 13 sec",3,26,13,"3:26:13","full",12373,1.08882591146663
"https://www.guinnessworldrecords.com/world-records/fastest-marathon-dressed-as-a-bottle-(male)","Fastest marathon dressed as a bottle (male)","3 hr 09 min 37 sec",3,9,37,"3:09:37","full",11377,0.896079513054471
"https://www.guinnessworldrecords.com/world-records/fastest-marathon-dressed-as-a-gingerbread-man","Fastest marathon dressed as a gingerbread person","3 hr 14 min 15 sec",3,14,15,"3:14:15","full",11655,1.02896590738833
"https://www.guinnessworldrecords.com/world-records/fastest-marathon-dressed-as-a-bottle-(female)","Fastest marathon dressed as a bottle (female)","3 hr 57 min 57 sec",3,57,57,"3:57:57","full",14277,1.09719423903648
"https://www.guinnessworldrecords.com/world-records/fastest-marathon-dressed-as-a-telephone-box","Fastest marathon dressed as a telephone box","4 hrs 6 min and 37 sec",4,6,37,"4:06:37","full",14797,1.04702622729499
"https://www.guinnessworldrecords.com/world-records/528572-fastest-marathon-dressed-as-a-battery-male","Fastest marathon dressed as a battery (male)","2 hr 59 min 57.6 sec",2,59,57.6,"2:59:57.6","full",10797.6,1.05199805570545
"https://www.guinnessworldrecords.com/world-records/fastest-marathon-dressed-as-elvis","Fastest marathon dressed as Elvis (male)","2 hr 42 min 52 sec",2,42,52,"2:42:52","full",9772,0.960414641873392
"https://www.guinnessworldrecords.com/world-records/106372-fastest-marathon-dressed-as-a-ninja","Fastest marathon dressed as a ninja (male)","4 hr 17 min 50 sec",4,17,50,"4:17:50","full",15470,1.02076487682124
"https://www.guinnessworldrecords.com/world-records/fastest-marathon-dressed-as-a-cartoon-character","Fastest marathon dressed as a cartoon character","2 hr 46 min 40 sec",2,46,40,"2:46:40","full",10000,1.08762985691392
"https://www.guinnessworldrecords.com/world-records/567234-fastest-marathon-dressed-as-a-devil-male","Fastest marathon dressed as a devil (male)","3 hrs 28 min 52 sec",3,28,52,"3:28:52","full",12532,0.885504249539502
"https://www.guinnessworldrecords.com/world-records/570589-fastest-marathon-dressed-as-a-vampire-female","Fastest marathon dressed as a vampire (female)","4 hr 13 min 50 sec",4,13,50,"4:13:50","full",15230,1
"https://www.guinnessworldrecords.com/world-records/118371-fastest-marathon-dressed-as-a-zookeeper-female","Fastest marathon dressed as a zookeeper (female)","4 hr 8 min 17 sec",4,8,17,"4:08:17","full",14897,0.954262012569867
"https://www.guinnessworldrecords.com/world-records/112081-fastest-marathon-dressed-as-a-boxer-female","Fastest marathon dressed as a boxer (female)","3 hr 52 min 27 sec",3,52,27,"3:52:27","full",13947,0.996825335805203
"https://www.guinnessworldrecords.com/world-records/465500-fastest-marathon-dressed-as-a-supervillain-male","Fastest marathon dressed as a supervillain (male)","3 hr 2 min 2 sec",3,2,2,"3:02:02","full",10922,0.937105083272198
"https://www.guinnessworldrecords.com/world-records/fastest-marathon-dressed-as-a-zombie","Fastest marathon dressed as a zombie (male)","2 hr 43 min 54 sec",2,43,54,"2:43:54","full",9834,1.06455874887922
"https://www.guinnessworldrecords.com/world-records/fastest-marathon-dressed-as-a-doctor-(female)","Fastest marathon dressed as a doctor (female)","3 hr 13 min 23 sec",3,13,23,"3:13:23","full",11603,1.10906373512726
"https://www.guinnessworldrecords.com/world-records/358955-fastest-marathon-dressed-as-a-lifeguard-female","Fastest marathon dressed as a lifeguard (female)","3 hr 31 min 6 sec",3,31,6,"3:31:06","full",12666,1.01395567593814
"https://www.guinnessworldrecords.com/world-records/509134-fastest-marathon-dressed-as-a-zombie-female","Fastest marathon dressed as a zombie (female)","3 hr 39 min 25 sec",3,39,25,"3:39:25","full",13165,1.02905574816156
"https://www.guinnessworldrecords.com/world-records/483299-fastest-marathon-dressed-as-a-cavewoman-female","Fastest marathon dressed as a caveperson (female)","3 hr 35 min 20 sec",3,35,20,"3:35:20","full",12920,0.966175886666783
"https://www.guinnessworldrecords.com/world-records/110400-fastest-marathon-dressed-as-a-monarch-male","Fastest marathon dressed as a monarch (male)","3 hr 39 min 10 sec",3,39,10,"3:39:10","full",13150,1.00407089492901
"https://www.guinnessworldrecords.com/world-records/375150-fastest-marathon-dressed-as-elvis-female","Fastest marathon dressed as Elvis (female)","3 hr 49 min 53 sec",3,49,53,"3:49:53","full",13793,1.05678966703527
"https://www.guinnessworldrecords.com/world-records/553670-fastest-marathon-dressed-as-a-scientist-male","Fastest marathon dressed as a scientist (male)","3 hr 22 min 51 sec",3,22,51,"3:22:51","full",12171,1.02280950040912
"https://www.guinnessworldrecords.com/world-records/508977-fastest-marathon-dressed-as-a-mummy-male","Fastest marathon dressed as a mummy (male)","3 hr 59 min 4 sec",3,59,4,"3:59:04","full",14344,0.877777855289604
"https://www.guinnessworldrecords.com/world-records/fastest-marathon-dressed-as-a-fairy-(female)","Fastest marathon dressed as a fairy (female)","3 hr 12 min 57 sec",3,12,57,"3:12:57","full",11577,0.986581040378199
"https://www.guinnessworldrecords.com/world-records/fastest-marathon-dressed-as-a-crustacean-(male)","Fastest marathon dressed as a crustacean (male)","3 hrs 13 min 18 sec",3,13,18,"3:13:18","full",11598,0.936318315692355
"https://www.guinnessworldrecords.com/world-records/373219-fastest-marathon-dressed-as-a%c2%a0car-male","Fastest marathon dressed as a car (male)","4 hrs 55 min 09 sec",4,55,9,"4:55:09","full",17709,1.03225264550147
"https://www.guinnessworldrecords.com/world-records/96099-fastest-marathon-dressed-as-a-videogame-character","Fastest marathon dressed as a videogame character","2 hr 57 min 00 sec",2,57,0,"2:57:00","full",10620,0.954940582896191
"https://www.guinnessworldrecords.com/world-records/fastest-marathon-dressed-as-a-postman","Fastest marathon dressed as a postal worker","3 hr 45 min 06 sec",3,45,6,"3:45:06","full",13506,0.901903465566581
"https://www.guinnessworldrecords.com/world-records/fastest-marathon-in-a-police-uniform","Fastest marathon dressed in a police uniform","3 hr 09 min 52 sec",3,9,52,"3:09:52","full",11392,1.00916057351643
"https://www.guinnessworldrecords.com/world-records/375245-fastest-marathon-dressed-as-a-caveman-male","Fastest marathon dressed as a caveperson (male)","3 hrs 05 min 11 sec",3,5,11,"3:05:11","full",11111,0.975988647948307
"https://www.guinnessworldrecords.com/world-records/430675-fastest-marathon-dressed-as-a-chef-female","Fastest marathon dressed as a chef (female)","4 hr 54 min 49 sec",4,54,49,"4:54:49","full",17689,0.967723129697481
"https://www.guinnessworldrecords.com/world-records/100077-fastest-marathon-dressed-in-a-sari","Fastest marathon dressed in a sari (female)","3 hr 57 min 7 sec",3,57,7,"3:57:07","full",14227,0.927256887417386
"https://www.guinnessworldrecords.com/world-records/411176-fastest-marathon-dressed-as-an-aircraft-male","Fastest marathon dressed as a three dimensional aircraft (male)","5 hrs 3 min 15 sec",5,3,15,"5:03:15","full",18195,1.02132253471749
"https://www.guinnessworldrecords.com/world-records/fastest-marathon-dressed-as-santa-claus-(female)","Fastest marathon dressed as Santa Claus (female)","3 hr 43 min 20 sec",3,43,20,"3:43:20","full",13400,0.92613550348374
"https://www.guinnessworldrecords.com/world-records/96049-fastest-marathon-dressed-as-a-book-character-female","Fastest marathon dressed as a book character (female)","3 hr 08 min 34 sec",3,8,34,"3:08:34","full",11314,1.09051763597668
"https://www.guinnessworldrecords.com/world-records/fastest-marathon-dressed-as-a-roman-soldier","Fastest marathon dressed as a Roman soldier (male)","2 hr 57 min",2,57,0,"2:57:00","full",10620,1.0922531786625
"https://www.guinnessworldrecords.com/world-records/457263-fastest-marathon-dressed-as-a-traffic-cone-male","Fastest marathon dressed as a traffic cone (male)","3 hr 45 min 26 sec",3,45,26,"3:45:26","full",13526,1.09977089540499
"https://www.guinnessworldrecords.com/world-records/461811-fastest-marathon-dressed-as-a-lucha-libre-wrestler-male","Fastest marathon dressed as a Lucha libre wrestler (male)","3 hrs 24 min 15 sec",3,24,15,"3:24:15","full",12255,1.06478122944772
"https://www.guinnessworldrecords.com/world-records/446552-fastest-marathon-dressed-as-a-tennis-player-male","Fastest marathon dressed as a tennis player (male)","3 hr 5 min 30 sec",3,5,30,"3:05:30","full",11130,1.06791062433394
"https://www.guinnessworldrecords.com/world-records/449021-fastest-marathon-dressed-as-a-gingerbread-man-female","Fastest marathon dressed as a gingerbread person (female)","3 hrs 46 min 55 sec",3,46,55,"3:46:55","full",13615,1.034021584102
"https://www.guinnessworldrecords.com/world-records/103393-fastest-marathon-dressed-as-a-videogame-character-female","Fastest marathon dressed as a videogame character (female)","3 hr 56 min 18 sec",3,56,18,"3:56:18","full",14178,1.04499176990501
"https://www.guinnessworldrecords.com/world-records/fastest-marathon-dressed-as-a-tapfaucet-(male)","Fastest marathon dressed as a tap/faucet (male)","3 hr 29 min 55 sec",3,29,55,"3:29:55","full",12595,1.13659815089129
"https://www.guinnessworldrecords.com/world-records/465340-fastest-marathon-dressed-as-a-three-dimensional-toy-male","Fastest marathon dressed as a three dimensional toy (male)","4 hr 59 min 30 sec",4,59,30,"4:59:30","full",17970,1
"https://www.guinnessworldrecords.com/world-records/114765-fastest-marathon-dressed-as-a-medical-instrument","Fastest marathon dressed as a piece of medical equipment (male)","3 hrs 48 min 9 sec",3,48,9,"3:48:09","full",13689,0.879269157443036
"https://www.guinnessworldrecords.com/world-records/415096-fastest-marathon-dressed-as-a-circus-strongman-male","Fastest marathon dressed as a circus strongperson (male)","3 hr 19 min 30 sec",3,19,30,"3:19:30","full",11970,1.04602799852881
"https://www.guinnessworldrecords.com/world-records/589789-fastest-marathon-dressed-as-a-three-dimensional-shoe-male","Fastest marathon dressed as a three dimensional shoe (male)","3 hr 54 min 17 sec",3,54,17,"3:54:17","full",14057,1.02099731055407
"https://www.guinnessworldrecords.com/world-records/fastest-marathon-dressed-as-a-book-character","Fastest marathon dressed as a book character (male)","2 hr 42 min 17 sec",2,42,17,"2:42:17","full",9737,0.98533206474166
"https://www.guinnessworldrecords.com/world-records/499560-fastest-marathon-dressed-as-a-stationery-item-male","Fastest marathon dressed as a stationery item (male)","3 hr 33 min 13 sec",3,33,13,"3:33:13","full",12793,0.990065781302459
"https://www.guinnessworldrecords.com/world-records/556558-fastest-marathon-dressed-as-an-astronomical-body-male","Fastest marathon dressed as an astronomical body (male)","3 hr 52 min 40 sec",3,52,40,"3:52:40","full",13960,0.94688130081056
"https://www.guinnessworldrecords.com/world-records/534584-fastest-marathon-dressed-as-a-stationery-item-female","Fastest marathon dressed as a stationery item (female)","3 hr 54 min 25 sec",3,54,25,"3:54:25","full",14065,0.972780653786289
"https://www.guinnessworldrecords.com/world-records/497436-fastest-marathon-dressed-as-a-hospital-patient-male","Fastest marathon dressed as a hospital patient (male)","3 hr 40 min 38 sec",3,40,38,"3:40:38","full",13238,0.94930209175966
"https://www.guinnessworldrecords.com/world-records/fastest-marathon-dressed-as-a-television-character-(male)","Fastest marathon dressed as a television character (male)","2 hr 49 min 51 sec",2,49,51,"2:49:51","full",10191,1.04987654611866
"https://www.guinnessworldrecords.com/world-records/93991-fastest-marathon-dressed-as-a-television-character-female","Fastest marathon dressed as a television character (female)","3 hrs 54 min 58 sec",3,54,58,"3:54:58","full",14098,1.07445255218335
"https://www.guinnessworldrecords.com/world-records/fastest-marathon-dressed-as-a-cartoon-character-(female)","Fastest marathon dressed as a cartoon character (female)","3 hrs 24 min 28 sec",3,24,28,"3:24:28","full",12268,0.933082401856325
"https://www.guinnessworldrecords.com/world-records/375738-fastest-marathon-dressed-as-a-landmark-male","Fastest marathon dressed as a landmark building (male)","3 hr 34 min 34 sec",3,34,34,"3:34:34","full",12874,0.934023577613005
"https://www.guinnessworldrecords.com/world-records/513378-fastest-marathon-dressed-as-a-three-dimensional-plant-male","Fastest marathon dressed as a three dimensional plant (male)","4 hr 51 min 5 sec",4,51,5,"4:51:05","full",17465,0.989081063580353
"https://www.guinnessworldrecords.com/world-records/435649-fastest-marathon-dressed-as-a-mountain-climber-male","Fastest marathon dressed as a mountain climber (male)","4 hr 19 min 48 sec",4,19,48,"4:19:48","full",15588,0.986081045883283
"https://www.guinnessworldrecords.com/world-records/108460-fastest-marathon-dressed-as-a-mythical-creature-male","Fastest marathon dressed as a mythical creature (male)","3 hr 44 min 48 sec",3,44,48,"3:44:48","full",13488,1.07486826415806
"https://www.guinnessworldrecords.com/world-records/513158-fastest-marathon-dressed-as-a-badminton-player-male","Fastest marathon dressed as a badminton player (male)","3 hr 29 min 24 sec",3,29,24,"3:29:24","full",12564,0.951391086246558
"https://www.guinnessworldrecords.com/world-records/111991-fastest-marathon-in-a-baseball-uniform","Fastest marathon dressed in a baseball uniform (male)","2 hr 56 min 46 sec",2,56,46,"2:56:46","full",10606,1.02960449447304
"https://www.guinnessworldrecords.com/world-records/508315-fastest-marathon-dressed-in-full-quidditch-kit-male","Fastest marathon dressed in full Quidditch kit (male)","4 hr 2 min 31 sec",4,2,31,"4:02:31","full",14551,1
"https://www.guinnessworldrecords.com/world-records/410829-fastest-marathon-dressed-in-a-ghillie-suit-female","Fastest marathon dressed in a ghillie suit (female)","3 hr 59 min 13 sec",3,59,13,"3:59:13","full",14353,1.14693354433948
"https://www.guinnessworldrecords.com/world-records/fastest-marathon-dressed-in-an-ice-hockey-kit-(male)","Fastest marathon dressed in an ice hockey kit (male)","4 hr 8 min 43 sec",4,8,43,"4:08:43","full",14923,0.929307547874579
"https://www.guinnessworldrecords.com/world-records/369169-fastest-marathon-dressed-in-a-rugby-kit","Fastest marathon dressed in a rugby kit (male)","3 hr 14 min 53 sec",3,14,53,"3:14:53","full",11693,0.962503633541045
"https://www.guinnessworldrecords.com/world-records/92625-fastest-marathon-in-an-american-football-kit","Fastest marathon dressed in an American football kit (male)","3 hr 33 min 42 sec",3,33,42,"3:33:42","full",12822,1.05543302979285
"https://www.guinnessworldrecords.com/world-records/539459-fastest-marathon-dressed-in-a-football-soccer-kit-male","Fastest marathon dressed in a football/soccer kit (male)","3 hr 28 min 34 sec",3,28,34,"3:28:34","full",12514,1.03794619451726
"https://www.guinnessworldrecords.com/world-records/116617-fastest-marathon-in-highland-dress-male","Fastest marathon in highland dress (male)","3 hr 20 min 13 sec",3,20,13,"3:20:13","full",12013,0.980807145647225
"https://www.guinnessworldrecords.com/world-records/fastest-marathon-in-a-wedding-dress-(male)","Fastest marathon in a wedding dress (male)","2 hr 49 min 17 sec",2,49,17,"2:49:17","full",10157,1.02495446469529
"https://www.guinnessworldrecords.com/world-records/fastest-marathon-in-a-wedding-dress","Fastest marathon in a wedding dress (female)","3 hr 16 min 44 sec",3,16,44,"3:16:44","full",11804,0.914359128832539
"https://www.guinnessworldrecords.com/world-records/fastest-marathon-by-a-mascot-(female)","Fastest marathon by a mascot (female)","3 hr 58 min 57 sec",3,58,57,"3:58:57","full",14337,1.12195077871467
"https://www.guinnessworldrecords.com/world-records/577393-fastest-marathon-in-a-toga-male","Fastest marathon in a toga (male)","2 hr 56 min 34 sec",2,56,34,"2:56:34","full",10594,0.979895047591479
"https://www.guinnessworldrecords.com/world-records/fastest-marathon-in-superhero-costume-(female)","Fastest marathon in superhero costume (female)","2 hr 48 min 51 sec",2,48,51,"2:48:51","full",10131,1
"https://www.guinnessworldrecords.com/world-records/fastest-marathon-in-a-four-person-costume","Fastest marathon in a four-person costume","4 hr 3 min 18 sec",4,3,18,"4:03:18","full",14598,1.02485089279278
"https://www.guinnessworldrecords.com/world-records/508842-fastest-marathon-in-a-six-person-costume","Fastest marathon in a six-person costume","5 hr 59 min 33 sec",5,59,33,"5:59:33","full",21573,1
"https://www.guinnessworldrecords.com/world-records/fastest-marathon-in-superhero-costume-(male)","Fastest marathon in superhero costume (male)","2 hr 27 min 43 sec",2,27,43,"2:27:43","full",8863,1
"https://www.guinnessworldrecords.com/world-records/370406-fastest-marathon-in-a-two-person-costume","Fastest marathon in a two-person costume","3 hr 25 min 17 sec",3,25,17,"3:25:17","full",12317,0.999287740679796
"https://www.guinnessworldrecords.com/world-records/fastest-marathon-in-a-nurses-uniform-(female)","Fastest marathon in a nurse's uniform (female)","3 hr 8 min 22 sec",3,8,22,"3:08:22","full",11302,1.04490717569933
"https://www.guinnessworldrecords.com/world-records/fastest-marathon-in-a-nurses-uniform-(male)","Fastest marathon in a nurse's uniform (male)","2 hr 45 min 37 sec",2,45,37,"2:45:37","full",9937,0.912158577712846
"https://www.guinnessworldrecords.com/world-records/79711-fastest-marathon-in-a-two-person-pantomime-costume","Fastest marathon in a two-person pantomime costume","4 hr 35 min and 4 sec",4,35,4,"4:35:04","full",16504,1
"https://www.guinnessworldrecords.com/world-records/fastest-marathon-in-film-character-costume-(male)","Fastest marathon in film character costume (male)","2 hr 36 min 28 sec",2,36,28,"2:36:28","full",9388,1
"https://www.guinnessworldrecords.com/world-records/fastest-marathon-in-a-suit","Fastest marathon in a suit (male)","2 hr 42 min and 59 sec",2,42,59,"2:42:59","full",9779,0.935417939720991
"https://www.guinnessworldrecords.com/world-records/fastest-marathon-by-a-relay-team","Fastest marathon by a relay team","2 hr 4 min 32 sec",2,4,32,"2:04:32","full",7472,1.01838729787259
"https://www.guinnessworldrecords.com/world-records/fastest-marathon-in-a-firemans-uniform","Fastest marathon in a firefighter's uniform","3 hr 41 min 10 sec",3,41,10,"3:41:10","full",13270,1.05330243167839
"https://www.guinnessworldrecords.com/world-records/108254-fastest-marathon-in-a-lacrosse-kit","Fastest marathon in a lacrosse kit","3 hr 46 min 58 sec",3,46,58,"3:46:58","full",13618,0.962093943074579
"https://www.guinnessworldrecords.com/world-records/fastest-marathon-wearing-armour","Fastest marathon wearing armour","6 hr 46 min 59 sec",6,46,59,"6:46:59","full",24419,1
"https://www.guinnessworldrecords.com/world-records/fastest-marathon-in-film-character-costume-(female)-","Fastest marathon in film character costume (female)","3 hrs 16 min 19 sec",3,16,19,"3:16:19","full",11779,1.08599687584299
"https://www.guinnessworldrecords.com/world-records/fastest-marathon-by-a-mascot-(male)","Fastest marathon by a mascot (male)","3 hr 17 min 57 sec",3,17,57,"3:17:57","full",11877,1.00452975679302
"https://www.guinnessworldrecords.com/world-records/112585-fastest-marathon-wearing-lederhosen","Fastest marathon wearing lederhosen","3 hr 4 min 6 sec",3,4,6,"3:04:06","full",11046,1.02479558611558
"https://www.guinnessworldrecords.com/world-records/595048-fastest-marathon-distance-male","Fastest marathon distance (male)","1 hr 59 min 40 sec",1,59,40,"1:59:40","full",7180,1
"https://www.guinnessworldrecords.com/world-records/444829-fastest-marathon-in-a-kung-fu-uniform","Fastest marathon in a Kung Fu uniform","3 hr 42 min 57 sec",3,42,57,"3:42:57","full",13377,0.982819810456131
"https://www.guinnessworldrecords.com/world-records/401107-fastest-marathon-four-legged-male","Fastest marathon four legged (male)","4 hr 44 min 18 sec",4,44,18,"4:44:18","full",17058,1
"https://www.guinnessworldrecords.com/world-records/437099-fastest-marathon-female-masters-35","Fastest marathon (female, masters 35)","2 hr 19 min 19 sec",2,19,19,"2:19:19","full",8359,1
"https://www.guinnessworldrecords.com/world-records/371725-fastest-marathon-in-a-three-person-costume","Fastest marathon in a three person costume","3 hrs 13 min 9 sec",3,13,9,"3:13:09","full",11589,1.06355748914215
"https://www.guinnessworldrecords.com/world-records/448992-fastest-marathon-in-classic-brownie-uniform-female","Fastest marathon in classic brownie uniform (female)","3 hr 26 min 51 sec",3,26,51,"3:26:51","full",12411,0.909498708890447
"https://www.guinnessworldrecords.com/world-records/426444-fastest-marathon-pushing-a-double-pram-female","Fastest marathon pushing a double pram (female)","3 hr 22 min 5 sec",3,22,5,"3:22:05","full",12125,0.956666094822203
"https://www.guinnessworldrecords.com/world-records/fastest-marathon-wearing-chainmail-(upper-body)","Fastest marathon wearing chainmail (upper body)","4 hrs 50 min 16 sec",4,50,16,"4:50:16","full",17416,1.01391895411672
"https://www.guinnessworldrecords.com/world-records/482819-fastest-half-marathon-dressed-as-a-barrister","Fastest half marathon dressed as a barrister","1 hr 44 min 58 sec",1,44,58,"1:44:58","half",6298,1.0370537015334
"https://www.guinnessworldrecords.com/world-records/94957-fastest-half-marathon-dressed-as-a-clown","Fastest half marathon dressed as a clown","1 hr 28 min 57 sec",1,28,57,"1:28:57","half",5337,0.950854152424455
"https://www.guinnessworldrecords.com/world-records/420859-fastest-half-marathon-dressed-as-an-elf-male","Fastest half marathon dressed as an elf (male)","1 hr 25 min 49 sec",1,25,49,"1:25:49","half",5149,1
"https://www.guinnessworldrecords.com/world-records/481370-fastest-half-marathon-dressed-as-a-zookeeper-female","Fastest half marathon dressed as a zookeeper (female)","2 hr 4 min 46.7 sec",2,4,46.7,"2:04:46.7","half",7486.7,1
"https://www.guinnessworldrecords.com/world-records/538720-fastest-half-marathon-dressed-as-a-videogame-character-female","Fastest half marathon dressed as a videogame character (female)","1 hr 35 min 56.2 sec",1,35,56.2,"1:35:56.2","half",5756.2,1
"https://www.guinnessworldrecords.com/world-records/103391-fastest-half-marathon-dressed-as-a-book-character","Fastest half marathon dressed as a book character","1 hr 19 min 18 sec",1,19,18,"1:19:18","half",4758,0.981006569665807
"https://www.guinnessworldrecords.com/world-records/fastest-half-marathon-dressed-as-a-doctor-(male)","Fastest half marathon dressed as a doctor (male)","1 hr 18 min 23 sec",1,18,23,"1:18:23","half",4703,1
"https://www.guinnessworldrecords.com/world-records/97799-fastest-half-marathon-dressed-as-a-cowboy","Fastest half marathon dressed as a rancher (male)","1 hr 36 min 32 sec",1,36,32,"1:36:32","half",5792,0.980420147500114
"https://www.guinnessworldrecords.com/world-records/fastest-half-marathon-dressed-as-a-bottle-(male)","Fastest half marathon dressed as a bottle (male)","1 hr, 28 min and 53 sec",1,28,53,"1:28:53","half",5333,1.03316068415323
"https://www.guinnessworldrecords.com/world-records/548472-fastest-half-marathon-dressed-as-a-cartoon-character-female","Fastest half marathon dressed as a cartoon character (female)","1 hr 53 min 26 sec",1,53,26,"1:53:26","half",6806,1.01491255136033
"https://www.guinnessworldrecords.com/world-records/482328-fastest-half-marathon-dressed-as-a-rubiks-cube-male","Fastest half marathon dressed as a Rubik's Cube (male)","1 hr 53 min 38 sec",1,53,38,"1:53:38","half",6818,0.986432326490369
"https://www.guinnessworldrecords.com/world-records/117781-fastest-half-marathon-dressed-as-a-chef","Fastest half marathon dressed as a chef (male)","1 hr 27 min 50 sec",1,27,50,"1:27:50","half",5270,1.01449247790965
"https://www.guinnessworldrecords.com/world-records/481882-fastest-half-marathon-dressed-as-a-gingerbread-man-female","Fastest half marathon dressed as a gingerbread person (female)","1 hr 43 min 49 sec",1,43,49,"1:43:49","half",6229,0.981288404428763
"https://www.guinnessworldrecords.com/world-records/606074-fastest-half-marathon-dressed-as-a-ninja-male","Fastest half marathon dressed as a ninja (male)","1 hr 54 min 3 sec",1,54,3,"1:54:03","half",6843,0.966636100141466
"https://www.guinnessworldrecords.com/world-records/107702-fastest-half-marathon-dressed-as-a-cartoon-character","Fastest half marathon dressed as a cartoon character (male)","1 hr 32 min 13 sec",1,32,13,"1:32:13","half",5533,1.01993632075267
"https://www.guinnessworldrecords.com/world-records/609223-fastest-half-marathon-dressed-as-a-car-male","Fastest half marathon dressed as a car (male)","2 hr 35 sec",2,0,35,"2:00:35","half",7235,1
"https://www.guinnessworldrecords.com/world-records/99763-fastest-half-marathon-dressed-as-a-nurse-female","Fastest half marathon dressed as a nurse (female)","1 hr 44 min 22 sec",1,44,22,"1:44:22","half",6262,0.961644826788487
"https://www.guinnessworldrecords.com/world-records/401487-fastest-half-marathon-dressed-as-a-television-character-female","Fastest half marathon dressed as a television character (female)","1 hr 56 min 48.6 sec",1,56,48.6,"1:56:48.6","half",7008.6,1
"https://www.guinnessworldrecords.com/world-records/380367-fastest%c2%a0half-marathon-dressed-as-a-videogame-character-male","Fastest half marathon dressed as a videogame character (male)","1 hr 31 min 59 sec",1,31,59,"1:31:59","half",5519,1
"https://www.guinnessworldrecords.com/world-records/fastest-half-marathon-dressed-as-a-television-character","Fastest half marathon dressed as a television character","1 hr 28 min 24 sec",1,28,24,"1:28:24","half",5304,0.990604585951929
"https://www.guinnessworldrecords.com/world-records/94955-fastest-half-marathon-dressed-as-a-gingerbread-man","Fastest half marathon dressed as a gingerbread person (male)","1 hr 29 min 00 sec",1,29,0,"1:29:00","half",5340,1.05314478336456
"https://www.guinnessworldrecords.com/world-records/556852-fastest-half-marathon-dressed-in-pyjamas-male","Fastest half marathon dressed in pyjamas (male)","1 hr 28 min 30 sec",1,28,30,"1:28:30","half",5310,0.970616266931235
"https://www.guinnessworldrecords.com/world-records/531906-fastest-half-marathon-dressed-in-a-baseball-uniform-male","Fastest half marathon dressed in a baseball uniform (male)","1 hr 48 min 9 sec",1,48,9,"1:48:09","half",6489,1
"https://www.guinnessworldrecords.com/world-records/112880-fastest-half-marathon-in-an-american-football-kit","Fastest half marathon dressed in an American football kit","1 hr 40 min 14 sec",1,40,14,"1:40:14","half",6014,0.980378562426918
"https://www.guinnessworldrecords.com/world-records/491558-fastest-half-marathon-dressed-in-an-ice-hockey-kit-male","Fastest half marathon dressed in an ice hockey kit (male)","1 hr 39 min 50.4 sec",1,39,50.4,"1:39:50.4","half",5990.4,1.01996488456784
"https://www.guinnessworldrecords.com/world-records/587093-fastest-half-marathon-dressed-in-full-quidditch-kit-male","Fastest half marathon dressed in full Quidditch kit (male)","1 hr 41 min 16 sec",1,41,16,"1:41:16","half",6076,1.037427042194
"https://www.guinnessworldrecords.com/world-records/370721-fastest-half-marathon-in-a-kilt","Fastest half marathon in highland dress","1 hr 43 min 44 sec",1,43,44,"1:43:44","half",6224,1.01891676449322
"https://www.guinnessworldrecords.com/world-records/fastest-half-marathon-by-a-mascot","Fastest half marathon by a mascot (male)","1 hr 37 min 3 sec",1,37,3,"1:37:03","half",5823,0.96073434164398
"https://www.guinnessworldrecords.com/world-records/464891-fastest-half-marathon-in-a-four-person-costume","Fastest half marathon in a four-person costume","2 hr 36 min 56 sec",2,36,56,"2:36:56","half",9416,1
"https://www.guinnessworldrecords.com/world-records/571460-fastest-half-marathon-wearing-high-heels-female","Fastest half marathon wearing high heels (female)","3 hr 35 min 52 sec",3,35,52,"3:35:52","half",12952,1
"https://www.guinnessworldrecords.com/world-records/97351-fastest-half-marathon-carrying-golf-clubs","Fastest half marathon carrying golf clubs","1 hr 57 min 58.8 sec",1,57,58.8,"1:57:58.8","half",7078.8,1.01833189318392
"https://www.guinnessworldrecords.com/world-records/97517-fastest-half-marathon-in-superhero-costume-male","Fastest half marathon in superhero costume (male)","1 hr 9 min 33 sec",1,9,33,"1:09:33","half",4173,1
"https://www.guinnessworldrecords.com/world-records/464346-fastest-half-marathon-in-a-two-person-costume","Fastest half marathon in a two-person costume","2 hr 9 min 27.5 sec",2,9,27.5,"2:09:27.5","half",7767.5,1
"https://www.guinnessworldrecords.com/world-records/439522-fastest-half-marathon-wearing-a%c2%a0shalwar-kameez-male","Fastest half marathon wearing a shalwar kameez (male)","1 hr 30 min 23 sec",1,30,23,"1:30:23","half",5423,0.933417514567294
"https://www.guinnessworldrecords.com/world-records/114675-fastest-half-marathon-in-superhero-costume-female","Fastest half marathon in superhero costume (female)","1 hr 18 min 26 sec",1,18,26,"1:18:26","half",4706,1.01999708039485
"https://www.guinnessworldrecords.com/world-records/fastest-half-marathon-in-a-nurses-uniform-(male)","Fastest half marathon in a nurse's uniform (male)","1 hr 20 min 39 sec",1,20,39,"1:20:39","half",4839,1.03305402816526
"https://www.guinnessworldrecords.com/world-records/431655-fastest-half-marathon-in-a-suit-female","Fastest half marathon in a suit (female)","1 hr 36 min 37 sec",1,36,37,"1:36:37","half",5797,1.03949933128971
"https://www.guinnessworldrecords.com/world-records/fastest-half-marathon-in-a-two-person-pantomime-costume","Fastest half marathon in a two-person pantomime costume","1 hr 42 min 47 sec",1,42,47,"1:42:47","half",6167,1
"https://www.guinnessworldrecords.com/world-records/94509-fastest-half-marathon-in-full-military-uniform","Fastest half marathon in full military uniform","1 hr 39 min 40 sec",1,39,40,"1:39:40","half",5980,1
"https://www.guinnessworldrecords.com/world-records/400396-fastest-half-marathon-carrying-a-car-tyre-tire","Fastest half marathon carrying a car tyre","1 hr 35 min 58 sec",1,35,58,"1:35:58","half",5758,1.01999894899125
"https://www.guinnessworldrecords.com/world-records/445691-fastest-half-marathon-pushing-a-triple-pram-male","Fastest half marathon pushing a triple pram (male)","1 hr 51 min 29 sec",1,51,29,"1:51:29","half",6689,1
"https://www.guinnessworldrecords.com/world-records/fastest-half-marathon-in-a-firemans-uniform-","Fastest half  marathon in a firefighter's uniform (male)","1 h 38 min 20 sec",1,38,20,"1:38:20","half",5900,1.05569647367288
"https://www.guinnessworldrecords.com/world-records/97783-fastest-half-marathon-skipping-without-a-rope","Fastest half marathon skipping without a rope (male)","2 hr 12 min 46 sec",2,12,46,"2:12:46","half",7966,1
